Title,Location,Company,Skills,wage
Software Intern / Entry Level Software Engineer - job post,"Tempe, AZ 85282•Hybrid work",Hammoq,,"<span class=""css-19j1a75 eu4oa1w0"">$22 - $25 an hour</span>"
Software Intern / Entry Level Software Engineer - job post,"Tempe, AZ 85282•Hybrid work",Hammoq,,"<span class=""css-19j1a75 eu4oa1w0"">$22 - $25 an hour</span>"
Software Engineering Summer Intern - job post,California•Remote,Panoptyc,,"<span class=""css-19j1a75 eu4oa1w0"">$20 - $30 an hour</span>"
Jr. Application Developer - job post,"8604 Allisonville Road, Indianapolis, IN 46250",DB Services,,"<span class=""css-19j1a75 eu4oa1w0"">$60,000 a year</span>"
Software Developer 23882 - job post,"Philadelphia, PA 19103•Hybrid work","Computer Enterprises, Inc. (CEI)",,"<span class=""css-19j1a75 eu4oa1w0"">$85,000 - $105,000 a year</span>"
Data Science Intern - job post,"17171 Murphy Avenue, Irvine, CA 92614",Zymo Research,,"<span class=""css-19j1a75 eu4oa1w0"">$20 an hour</span>"
Software Engineer - job post,"Natick, MA",Sherpa 6,,
Backend Software Engineer Intern (100% Remote in US only!) - job post,Pennsylvania•Remote,Radian,,"<span class=""css-19j1a75 eu4oa1w0"">$17.25 - $25.00 an hour</span>"
Information Technology Intern - job post,"New York, NY 10065",The Andrew W Mellon Foundation,,"<span class=""css-19j1a75 eu4oa1w0"">$27 - $30 an hour</span>"
Software Developer - job post,"Quantico, VA",Booz Allen,,"<span class=""css-19j1a75 eu4oa1w0"">$58,400 - $133,000 a year</span>"
Learning Engineering Intern - job post,Remote,Digital Harbor Foundation,,"<span class=""css-19j1a75 eu4oa1w0"">$25 - $30 an hour</span>"
AI - Data Engineering Intern - job post,Remote,Curai,,
Cyber Software Engineer (EC) - job post,"Annapolis Junction, MD",Northrop Grumman,,"<span class=""css-19j1a75 eu4oa1w0"">$95,900 - $143,900 a year</span>"
Arcade Game Prototyping Tech/Engineer - job post,"1950 Swarthmore Avenue, Lakewood, NJ 08701",Coastal Amusements Inc.,,"<span class=""css-19j1a75 eu4oa1w0"">$25 - $30 an hour</span>"
Software Developer Intern - job post,"Frisco, TX 75034•Remote","MERITIZE FINANCIAL, INC.",,
